Date,Bitcoin,DXY,Gold_ETF,TBond_20Y,SP500,Nasdaq100,VIX
1993-01-31,,92.45999908447266,,,438.7799987792969,370.55999755859375,12.420000076293944
1993-02-28,,94.0500030517578,,,443.3800048828125,351.1400146484375,13.15999984741211
1993-03-31,,91.87000274658205,,,451.6700134277344,359.4200134277344,12.529999732971191
1993-04-30,,89.48999786376953,,,440.19000244140625,339.94500732421875,12.420000076293944
1993-05-31,,89.08000183105469,,,450.19000244140625,368.1099853515625,13.470000267028809
1993-06-30,,93.62999725341795,,,450.5299987792969,366.125,11.260000228881836
1993-07-31,,95.37000274658205,,,448.1300048828125,352.864990234375,11.729999542236328
1993-08-31,,93.9499969482422,,,463.55999755859375,372.6499938964844,11.850000381469728
1993-09-30,,92.81999969482422,,,458.9299926757813,382.7149963378906,12.989999771118164
1993-10-31,,95.08000183105467,,,467.8299865722656,390.9849853515625,11.460000038146973
1993-11-30,,96.20999908447266,,,461.7900085449219,386.760009765625,13.760000228881836
1993-12-31,,96.83999633789062,,,466.4500122070313,398.2799987792969,11.65999984741211
1994-01-31,,95.58999633789062,,,481.6099853515625,413.989990234375,10.630000114440918
1994-02-28,,94.5500030517578,,,467.1400146484375,412.1700134277344,14.869999885559082
1994-03-31,,93.05999755859376,,,445.7699890136719,382.9599914550781,20.450000762939453
1994-04-30,,92.12000274658205,,,450.9100036621094,373.25,13.770000457763672
1994-05-31,,92.5199966430664,,,456.5,378.8500061035156,13.029999732971191
1994-06-30,,89.62000274658203,,,444.2699890136719,360.2999877929687,14.970000267028809
1994-07-31,,89.87000274658203,,,458.260009765625,370.1600036621094,11.130000114440918
1994-08-31,,89.66999816894531,,,475.489990234375,397.8999938964844,11.970000267028809
1994-09-30,,87.87999725341797,,,462.7099914550781,393.8500061035156,14.279999732971191
1994-10-31,,85.69000244140625,,,472.3500061035156,413.0499877929687,14.5600004196167
1994-11-30,,89.12999725341797,,,453.69000244140625,404.8200073242187,15.949999809265137
1994-12-31,,88.7300033569336,,,459.2699890136719,404.2699890136719,13.199999809265137
1995-01-31,,87.98999786376953,,,470.4200134277344,405.3299865722656,11.960000038146973
1995-02-28,,85.93000030517578,,,487.3900146484375,432.5,11.75
1995-03-31,,81.9000015258789,,,500.7099914550781,447.1499938964844,13.369999885559082
1995-04-30,,81.80000305175781,,,514.7100219726562,469.55999755859375,11.75
1995-05-31,,82.56999969482422,,,533.4000244140625,488.1000061035156,12.850000381469728
1995-06-30,,81.58000183105469,,,544.75,538.030029296875,11.380000114440918
1995-07-31,,81.56999969482422,,,562.0599975585938,568.8800048828125,13.489999771118164
1995-08-31,,85.56999969482422,,,561.8800048828125,576.77001953125,11.520000457763672
1995-09-30,,84.29000091552734,,,584.4099731445312,585.0800170898438,12.739999771118164
1995-10-31,,83.66000366210938,,,581.5,598.780029296875,13.829999923706056
1995-11-30,,85.26000213623047,,,605.3699951171875,593.719970703125,11.579999923706056
1995-12-31,,84.76000213623047,,,615.9299926757812,576.22998046875,12.520000457763672
1996-01-31,,87.37999725341797,,,636.02001953125,591.8200073242188,12.529999732971191
1996-02-29,,86.29000091552734,,,640.4299926757812,622.8300170898438,17.040000915527344
1996-03-31,,86.5199966430664,,,645.5,609.6900024414062,18.8799991607666
1996-04-30,,88.0199966430664,,,654.1699829101562,666.72998046875,15.829999923706056
1996-05-31,,87.77999877929688,,,669.1199951171875,692.3900146484375,16.06999969482422
1996-06-30,,87.81999969482422,,,670.6300048828125,677.2999877929688,13.68000030517578
1996-07-31,,85.9000015258789,,,639.9500122070312,636.010009765625,19.459999084472656
1996-08-31,,86.36000061035156,,,651.989990234375,663.5700073242188,17.010000228881836
1996-09-30,,87.94000244140625,,,687.3300170898438,737.5700073242188,16.950000762939453
1996-10-31,,87.43000030517578,,,705.27001953125,751.989990234375,18.11000061035156
1996-11-30,,87.91999816894531,,,757.02001953125,834.010009765625,17.139999389648438
1996-12-31,,88.18000030517578,,,740.739990234375,821.3599853515625,20.920000076293945
1997-01-31,,93.04000091552734,,,786.1599731445312,921.5499877929688,19.469999313354492
1997-02-28,,94.88999938964844,,,790.8200073242188,850.4600219726562,21.100000381469727
1997-03-31,,94.72000122070312,,,757.1199951171875,797.0599975585938,22.13999938964844
1997-04-30,,97.18000030517578,,,801.3400268554688,874.739990234375,20.059999465942383
1997-05-31,,94.8499984741211,,,848.280029296875,958.8499755859376,19.190000534057617
1997-06-30,,95.66999816894533,,,885.1400146484375,957.2999877929688,21.530000686645508
1997-07-31,,99.63999938964844,,,954.3099975585938,1107.030029296875,21.479999542236328
1997-08-31,,99.0,,,899.469970703125,1074.050048828125,24.760000228881836
1997-09-30,,97.11000061035156,,,947.280029296875,1097.1600341796875,22.90999984741211
1997-10-31,,95.63999938964844,,,914.6199951171876,1019.6199951171876,35.09000015258789
1997-11-30,,97.79000091552734,,,955.4000244140624,1050.510009765625,27.43000030517578
1997-12-31,,99.6500015258789,,,970.4299926757812,990.8300170898438,24.010000228881836
1998-01-31,,100.79000091552734,,,980.280029296875,1071.1300048828125,21.469999313354492
1998-02-28,,99.81999969482422,,,1049.3399658203125,1194.1300048828125,18.549999237060547
1998-03-31,,101.5,,,1101.75,1220.6600341796875,24.219999313354492
1998-04-30,,99.70999908447266,,,1111.75,1248.1199951171875,21.18000030517578
1998-05-31,,100.4499969482422,,,1090.8199462890625,1192.0699462890625,21.31999969482422
1998-06-30,,101.16999816894533,,,1133.8399658203125,1337.3399658203125,19.709999084472656
1998-07-31,,101.1999969482422,,,1120.6700439453125,1377.260009765625,24.799999237060547
1998-08-31,,100.1999969482422,,,957.280029296875,1140.3399658203125,44.279998779296875
1998-09-30,,96.16999816894533,,,1017.010009765625,1345.47998046875,40.95000076293945
1998-10-31,,93.7300033569336,,,1098.6700439453125,1400.52001953125,28.049999237060547
1998-11-30,,96.1999969482422,,,1163.6300048828125,1557.9599609375,26.010000228881836
1998-12-31,,94.16999816894533,,,1229.22998046875,1836.010009765625,24.420000076293945
1999-01-31,,96.08000183105467,,,1279.6400146484375,2127.18994140625,26.25
1999-02-28,,98.68000030517578,,,1238.3299560546875,1925.280029296875,27.8799991607666
1999-03-31,,100.0999984741211,,,1286.3699951171875,2106.389892578125,23.260000228881836
1999-04-30,,101.0,,,1335.1800537109375,2136.389892578125,25.06999969482422
1999-05-31,,102.51000213623048,,,1301.8399658203125,2089.699951171875,25.38999938964844
1999-06-30,,102.8499984741211,,,1372.7099609375,2296.77001953125,21.09000015258789
1999-07-31,,99.75,,,1328.719970703125,2270.929931640625,24.63999938964844
1999-08-31,,99.9499969482422,,,1320.4100341796875,2396.8701171875,24.450000762939453
1999-09-30,,98.54000091552734,,,1282.7099609375,2407.89990234375,25.40999984741211
1999-10-31,,99.05999755859376,,,1362.9300537109375,2637.43994140625,22.200000762939453
1999-11-30,,101.98999786376952,,,1388.9100341796875,2966.7099609375,24.18000030517578
1999-12-31,,101.87000274658205,,,1469.25,3707.830078125,24.63999938964844
2000-01-31,,105.12999725341795,,,1394.4599609375,3570.050048828125,24.950000762939453
2000-02-29,,105.91999816894533,,,1366.4200439453125,4266.93994140625,23.3700008392334
2000-03-31,,105.44000244140624,,,1498.5799560546875,4397.83984375,24.11000061035156
2000-04-30,,110.13999938964844,,,1452.4300537109375,3773.179931640625,26.200000762939453
2000-05-31,,108.73999786376952,,,1420.5999755859375,3324.080078125,23.649999618530273
2000-06-30,,106.83999633789062,,,1454.5999755859375,3763.7900390625,19.540000915527344
2000-07-31,,109.56999969482422,,,1430.8299560546875,3609.35009765625,20.739999771118164
2000-08-31,,112.5999984741211,,,1517.6800537109375,4077.590087890625,16.84000015258789
2000-09-30,,113.25,,,1436.510009765625,3570.610107421875,20.56999969482422
2000-10-31,,116.6500015258789,,,1429.4000244140625,3282.300048828125,23.6299991607666
2000-11-30,,115.23999786376952,,,1314.949951171875,2506.5400390625,29.649999618530273
2000-12-31,,109.55999755859376,,,1320.280029296875,2341.699951171875,26.850000381469727
2001-01-31,,110.5199966430664,,,1366.010009765625,2593.0,22.020000457763672
2001-02-28,,112.01000213623048,,,1239.93994140625,1908.3199462890625,28.350000381469727
2001-03-31,,117.37000274658205,,,1160.3299560546875,1573.25,28.63999938964844
2001-04-30,,115.8499984741211,,,1249.4599609375,1855.1500244140625,25.479999542236328
2001-05-31,,119.06999969482422,,,1255.8199462890625,1799.8900146484375,22.63999938964844
2001-06-30,,119.43000030517578,,,1224.3800048828125,1830.18994140625,19.059999465942383
2001-07-31,,117.18000030517578,,,1211.22998046875,1683.6099853515625,21.6200008392334
2001-08-31,,113.41999816894533,,,1133.5799560546875,1469.699951171875,24.920000076293945
2001-09-30,,113.4800033569336,,,1040.93994140625,1168.3699951171875,31.93000030517578
2001-10-31,,114.86000061035156,,,1059.780029296875,1364.780029296875,33.560001373291016
2001-11-30,,116.12999725341795,,,1139.449951171875,1596.050048828125,23.84000015258789
2001-12-31,,116.75,,,1148.0799560546875,1577.050048828125,23.799999237060547
2002-01-31,,120.23999786376952,,,1130.199951171875,1550.1700439453125,21.09000015258789
2002-02-28,,119.16000366210938,,,1106.72998046875,1359.219970703125,21.59000015258789
2002-03-31,,118.62000274658205,,,1147.3900146484375,1452.81005859375,17.399999618530273
2002-04-30,,115.19000244140624,,,1076.9200439453125,1277.0699462890625,21.90999984741211
2002-05-31,,111.80999755859376,,,1067.1400146484375,1208.3399658203125,19.979999542236328
2002-06-30,,106.11000061035156,,,989.8200073242188,1051.4100341796875,25.399999618530273
2002-07-31,,107.41000366210938,,36.5568962097168,911.6199951171876,962.0999755859376,32.029998779296875
2002-08-31,,106.9800033569336,,38.57233047485352,916.0700073242188,942.3800048828124,32.63999938964844
2002-09-30,,106.87000274658205,,40.21519088745117,815.280029296875,832.52001953125,39.689998626708984
2002-10-31,,106.63999938964844,,38.72951889038086,885.760009765625,989.5399780273438,31.13999938964844
2002-11-30,,106.41000366210938,,38.37466812133789,936.3099975585938,1116.0999755859375,27.5
2002-12-31,,101.8499984741211,,40.11128616333008,879.8200073242188,984.3699951171876,28.6200008392334
2003-01-31,,99.91000366210938,,39.88032531738281,855.7000122070312,983.0499877929688,31.170000076293945
2003-02-28,,99.70999908447266,,41.115604400634766,841.1500244140625,1009.739990234375,29.6299991607666
2003-03-31,,99.05999755859376,,40.554473876953125,848.1799926757812,1018.6599731445312,29.149999618530273
2003-04-30,,97.19000244140624,,40.97957992553711,916.9199829101562,1106.06005859375,21.209999084472656
2003-05-31,,93.2699966430664,,43.5693473815918,963.5900268554688,1197.8900146484375,19.469999313354492
2003-06-30,,94.7300033569336,,42.782169342041016,974.5,1201.68994140625,19.520000457763672
2003-07-31,,96.88999938964844,,38.51214218139648,990.3099975585938,1276.93994140625,19.489999771118164
2003-08-31,,98.0999984741211,,39.014923095703125,1008.010009765625,1341.199951171875,18.6299991607666
2003-09-30,,92.8499984741211,,41.33024597167969,995.969970703125,1303.699951171875,22.719999313354492
2003-10-31,,92.7300033569336,,40.077415466308594,1050.7099609375,1416.3900146484375,16.100000381469727
2003-11-30,,90.20999908447266,,40.21345520019531,1058.199951171875,1424.25,16.31999969482422
2003-12-31,,86.91999816894531,,40.75367736816406,1111.9200439453125,1467.9200439453125,18.309999465942383
2004-01-31,,87.19999694824219,,41.51201248168945,1131.1300048828125,1493.0799560546875,16.6299991607666
2004-02-29,,87.30999755859375,,42.459259033203125,1144.93994140625,1470.3800048828125,14.550000190734863
2004-03-31,,87.61000061035156,,43.05840301513672,1126.2099609375,1438.4100341796875,16.739999771118164
2004-04-30,,90.4800033569336,,40.373565673828125,1107.300048828125,1401.3599853515625,17.190000534057617
2004-05-31,,88.94999694824219,,40.2693977355957,1120.6800537109375,1466.219970703125,15.5
2004-06-30,,88.80000305175781,,40.69356918334961,1140.8399658203125,1516.6400146484375,14.34000015258789
2004-07-31,,89.95999908447266,,41.31682205200195,1101.719970703125,1400.3900146484375,15.31999969482422
2004-08-31,,88.94000244140625,,43.0379753112793,1104.239990234375,1368.6800537109375,15.289999961853027
2004-09-30,,87.36000061035156,,43.446590423583984,1114.5799560546875,1412.739990234375,13.34000015258789
2004-10-31,,84.91000366210938,,44.21333312988281,1130.199951171875,1486.719970703125,16.270000457763672
2004-11-30,,81.81999969482422,45.119998931884766,43.15407180786133,1173.8199462890625,1571.5,13.239999771118164
2004-12-31,,80.8499984741211,43.79999923706055,44.301422119140625,1211.9200439453125,1621.1199951171875,13.289999961853027
2005-01-31,,83.5999984741211,42.220001220703125,45.882362365722656,1181.27001953125,1519.6300048828125,12.81999969482422
2005-02-28,,82.51000213623047,43.529998779296875,45.20695877075195,1203.5999755859375,1511.02001953125,12.079999923706056
2005-03-31,,84.05999755859375,42.81999969482422,45.00138473510742,1180.5899658203125,1482.530029296875,14.020000457763672
2005-04-30,,84.43000030517578,43.349998474121094,46.74078750610352,1156.8499755859375,1420.7900390625,15.3100004196167
2005-05-31,,87.76000213623047,41.650001525878906,48.20730209350586,1191.5,1542.6300048828125,13.289999961853027
2005-06-30,,89.11000061035156,43.439998626708984,49.250877380371094,1191.3299560546875,1493.52001953125,12.039999961853027
2005-07-31,,89.3499984741211,42.81999969482422,47.58582305908203,1234.1800537109375,1605.1400146484375,11.56999969482422
2005-08-31,,87.58000183105469,43.400001525878906,49.24018096923828,1220.3299560546875,1581.7099609375,12.600000381469728
2005-09-30,,89.5199966430664,46.70000076293945,47.46111679077149,1228.81005859375,1601.6600341796875,11.920000076293944
2005-10-31,,90.06999969482422,46.400001525878906,46.397579193115234,1207.010009765625,1579.1800537109375,15.31999969482422
2005-11-30,,91.56999969482422,49.099998474121094,46.71786880493164,1249.47998046875,1672.56005859375,12.0600004196167
2005-12-31,,91.16999816894533,51.58000183105469,48.11083984375,1248.2900390625,1645.199951171875,12.06999969482422
2006-01-31,,88.95999908447266,56.70000076293945,47.46691131591797,1280.0799560546875,1710.75,12.949999809265137
2006-02-28,,90.11000061035156,56.06999969482422,47.99281692504883,1280.6600341796875,1670.5699462890625,12.34000015258789
2006-03-31,,89.7300033569336,58.099998474121094,45.799564361572266,1294.8699951171875,1703.6600341796875,11.390000343322754
2006-04-30,,86.11000061035156,65.08999633789062,44.53901672363281,1310.6099853515625,1700.7099609375,11.59000015258789
2006-05-31,,84.72000122070312,64.2300033569336,44.45397186279297,1270.0899658203125,1579.5799560546875,16.440000534057617
2006-06-30,,85.22000122070312,61.22999954223633,44.97779846191406,1270.199951171875,1575.22998046875,13.079999923706056
2006-07-31,,85.30000305175781,63.15999984741211,45.95078659057617,1276.6600341796875,1509.4300537109375,14.949999809265137
2006-08-31,,85.05000305175781,62.290000915527344,47.35506439208984,1303.8199462890625,1579.72998046875,12.3100004196167
2006-09-30,,85.97000122070312,59.470001220703125,48.26190185546875,1335.8499755859375,1654.1300048828125,11.979999542236328
2006-10-31,,85.31999969482422,60.2400016784668,48.6705207824707,1377.93994140625,1732.5400390625,11.100000381469728
2006-11-30,,82.91999816894531,64.38999938964844,49.79393768310547,1400.6300048828125,1791.25,10.90999984741211
2006-12-31,,83.72000122070312,63.209999084472656,48.45161056518555,1418.300048828125,1756.9000244140625,11.5600004196167
2007-01-31,,84.61000061035156,64.83000183105469,47.9694709777832,1438.239990234375,1792.280029296875,10.420000076293944
2007-02-28,,83.56999969482422,66.4800033569336,49.595157623291016,1406.8199462890625,1761.5999755859375,15.420000076293944
2007-03-31,,82.93000030517578,65.73999786376953,48.75189208984375,1420.8599853515625,1772.3599853515625,14.640000343322754
2007-04-30,,81.44999694824219,67.08999633789062,49.193058013916016,1482.3699951171875,1867.75,14.220000267028809
2007-05-31,,82.30000305175781,65.54000091552734,48.05488967895508,1530.6199951171875,1928.18994140625,13.050000190734863
2007-06-30,,81.91999816894531,64.2699966430664,47.56784439086914,1503.3499755859375,1934.0999755859375,16.229999542236328
2007-07-31,,80.7699966430664,65.79000091552734,49.14661407470703,1455.27001953125,1932.06005859375,23.520000457763672
2007-08-31,,80.79000091552734,66.5199966430664,50.02522659301758,1473.989990234375,1988.72998046875,23.3799991607666
2007-09-30,,77.72000122070312,73.51000213623047,50.139404296875,1526.75,2091.110107421875,18.0
2007-10-31,,76.4800033569336,78.62000274658203,51.04999923706055,1549.3800048828125,2238.97998046875,18.530000686645508
2007-11-30,,76.1500015258789,77.31999969482422,53.78181838989258,1481.1400146484375,2089.10009765625,22.8700008392334
2007-12-31,,76.69999694824219,82.45999908447266,53.44416809082031,1468.3599853515625,2084.929931640625,22.5
2008-01-31,,75.18000030517578,91.4000015258789,54.56430435180664,1378.550048828125,1841.4200439453125,26.200000762939453
2008-02-29,,73.70999908447266,96.18000030517578,54.315879821777344,1330.6300048828125,1745.27001953125,26.540000915527344
2008-03-31,,71.80000305175781,90.41000366210938,55.47758865356445,1322.699951171875,1781.9300537109375,25.61000061035156
2008-04-30,,72.51000213623047,86.6500015258789,54.09831237792969,1385.5899658203125,1917.699951171875,20.790000915527344
2008-05-31,,72.87999725341797,87.44999694824219,52.64400100708008,1400.3800048828125,2032.5699462890625,17.829999923706055
2008-06-30,,72.45999908447266,91.4000015258789,54.04095458984375,1280.0,1837.0899658203125,23.950000762939453
2008-07-31,,73.2300033569336,90.08000183105467,53.84245681762695,1267.3800048828125,1849.1500244140625,22.940000534057617
2008-08-31,,77.37999725341797,81.70999908447266,55.317291259765625,1282.8299560546875,1872.5400390625,20.649999618530273
2008-09-30,,79.44999694824219,85.06999969482422,56.133766174316406,1166.3599853515625,1594.6300048828125,39.38999938964844
2008-10-31,,85.62999725341797,71.33999633789062,55.089351654052734,968.75,1334.780029296875,59.88999938964844
2008-11-30,,86.5199966430664,80.30999755859375,62.98985290527344,896.239990234375,1185.75,55.279998779296875
2008-12-31,,81.30999755859375,86.5199966430664,71.58946228027344,903.25,1211.6500244140625,40.0
2009-01-31,,86.0,91.30999755859376,62.23214340209961,825.8800048828125,1180.25,44.84000015258789
2009-02-28,,88.01000213623047,92.62999725341795,61.278812408447266,735.0900268554688,1116.989990234375,46.349998474121094
2009-03-31,,85.43000030517578,90.27999877929688,63.75901794433594,797.8699951171875,1237.010009765625,44.13999938964844
2009-04-30,,84.61000061035156,87.2699966430664,59.32638168334961,872.8099975585938,1394.3299560546875,36.5
2009-05-31,,80.43000030517578,96.1999969482422,57.13433837890625,919.1400146484376,1435.5699462890625,28.920000076293945
2009-06-30,,80.12999725341797,91.18000030517578,57.5634765625,919.3200073242188,1477.25,26.350000381469727
2009-07-31,,78.3499984741211,93.3499984741211,57.895057678222656,987.47998046875,1603.3599853515625,25.920000076293945
2009-08-31,,78.16999816894531,93.4000015258789,59.18662643432617,1020.6199951171876,1625.18994140625,26.010000228881836
2009-09-30,,76.6500015258789,98.8499984741211,60.64153289794922,1057.0799560546875,1718.989990234375,25.61000061035156
2009-10-31,,76.30000305175781,102.52999877929688,59.05508041381836,1036.18994140625,1667.1300048828125,30.690000534057617
2009-11-30,,74.87999725341797,115.63999938964844,59.7713508605957,1095.6300048828125,1767.4300537109375,24.510000228881836
2009-12-31,,77.86000061035156,107.30999755859376,55.97843170166016,1115.0999755859375,1860.31005859375,21.68000030517578
2010-01-31,,79.45999908447266,105.95999908447266,57.485538482666016,1073.8699951171875,1741.0400390625,24.6200008392334
2010-02-28,,80.36000061035156,109.43000030517578,57.28865814208984,1104.489990234375,1818.6800537109375,19.5
2010-03-31,,81.06999969482422,108.9499969482422,56.110015869140625,1169.4300537109375,1958.3399658203125,17.59000015258789
2010-04-30,,81.87000274658203,115.36000061035156,57.97389221191406,1186.68994140625,2000.6300048828125,22.049999237060547
2010-05-31,,86.4800033569336,118.87999725341795,60.9354248046875,1089.4100341796875,1852.3900146484375,32.06999969482422
2010-06-30,,86.0199966430664,121.68000030517578,64.46834564208984,1030.7099609375,1739.1400146484375,34.540000915527344
2010-07-31,,81.54000091552734,115.48999786376952,63.858253479003906,1101.5999755859375,1864.0,23.5
2010-08-31,,83.19999694824219,122.08000183105467,69.2165298461914,1049.3299560546875,1767.4300537109375,26.049999237060547
2010-09-30,,78.72000122070312,127.91000366210938,67.47199249267578,1141.199951171875,1998.0400390625,23.700000762939453
2010-10-31,,77.2699966430664,132.6199951171875,64.45652770996094,1183.260009765625,2124.449951171875,21.200000762939453
2010-11-30,,81.19999694824219,135.4199981689453,63.36767578125,1180.550048828125,2117.330078125,23.540000915527344
2010-12-31,,79.02999877929688,138.72000122070312,61.02364730834961,1257.6400146484375,2217.860107421875,17.75
2011-01-31,,77.73999786376953,129.8699951171875,59.14339447021485,1286.1199951171875,2281.909912109375,19.530000686645508
2011-02-28,,76.88999938964844,137.66000366210938,60.1193733215332,1327.219970703125,2350.989990234375,18.350000381469727
2011-03-31,,75.86000061035156,139.86000061035156,60.13700866699219,1325.8299560546875,2338.989990234375,17.739999771118164
2011-04-30,,72.93000030517578,152.3699951171875,61.54368209838867,1363.6099853515625,2404.080078125,14.75
2011-05-31,,74.63999938964844,149.63999938964844,63.650203704833984,1345.199951171875,2372.5400390625,15.449999809265137
2011-06-30,,74.30000305175781,146.0,62.171592712402344,1320.6400146484375,2325.070068359375,16.520000457763672
2011-07-31,,73.9000015258789,158.2899932861328,64.91617584228516,1292.280029296875,2362.81005859375,25.25
2011-08-31,,74.12999725341797,177.72000122070312,71.19194793701172,1218.8900146484375,2241.010009765625,31.6200008392334
2011-09-30,,78.55000305175781,158.05999755859375,80.59367370605469,1131.4200439453125,2139.179931640625,42.959999084472656
2011-10-31,,76.16999816894531,167.33999633789062,77.50749206542969,1253.300048828125,2360.080078125,29.959999084472656
2011-11-30,,78.38999938964844,170.1300048828125,79.04927825927734,1246.9599609375,2295.199951171875,27.799999237060547
2011-12-31,,80.16999816894531,151.99000549316406,81.77236938476562,1257.5999755859375,2277.830078125,23.399999618530273
2012-01-31,,79.27999877929688,169.30999755859375,81.50259399414062,1312.4100341796875,2467.949951171875,19.440000534057617
2012-02-29,,78.7300033569336,164.2899932861328,79.38597869873047,1365.6800537109375,2623.10009765625,18.43000030517578
2012-03-31,,78.93000030517578,162.1199951171875,76.023193359375,1408.469970703125,2755.27001953125,15.5
2012-04-30,,78.79000091552734,161.8800048828125,79.69831848144531,1397.9100341796875,2723.679931640625,17.149999618530273
2012-05-31,,83.04000091552734,151.6199951171875,86.8913803100586,1310.3299560546875,2524.8701171875,24.059999465942383
2012-06-30,,81.6500015258789,155.19000244140625,85.43314361572266,1362.1600341796875,2615.719970703125,17.079999923706055
2012-07-31,,82.63999938964844,156.49000549316406,88.69438934326172,1379.3199462890625,2642.530029296875,18.93000030517578
2012-08-31,,81.25,164.22000122070312,87.52467346191406,1406.5799560546875,2772.239990234375,17.469999313354492
2012-09-30,,79.94000244140625,171.88999938964844,85.30780792236328,1440.6700439453125,2799.18994140625,15.729999542236328
2012-10-31,,79.91999816894531,166.8300018310547,84.89490509033203,1412.1600341796875,2647.919921875,18.600000381469727
2012-11-30,,80.1500015258789,166.0500030517578,85.8790054321289,1416.1800537109375,2677.8798828125,15.869999885559082
2012-12-31,,79.7699966430664,162.02000427246094,83.74263763427734,1426.18994140625,2660.929931640625,18.020000457763672
2013-01-31,,79.20999908447266,161.1999969482422,81.07513427734375,1498.1099853515625,2731.530029296875,14.279999732971191
2013-02-28,,81.9800033569336,153.0,82.07939910888672,1514.6800537109375,2738.580078125,15.510000228881836
2013-03-31,,82.98999786376953,154.4499969482422,81.73513793945312,1569.18994140625,2818.68994140625,12.699999809265137
2013-04-30,,81.7300033569336,142.77000427246094,85.56436920166016,1597.5699462890625,2887.43994140625,13.520000457763672
2013-05-31,,83.37999725341797,133.9199981689453,79.7793960571289,1630.739990234375,2981.760009765625,16.299999237060547
2013-06-30,,83.16999816894531,119.11000061035156,77.16954803466797,1606.280029296875,2909.60009765625,16.860000610351562
2013-07-31,,81.44999694824219,127.95999908447266,75.42713928222656,1685.72998046875,3090.18994140625,13.449999809265137
2013-08-31,,82.08999633789062,134.6199951171875,74.41603088378906,1632.969970703125,3073.81005859375,17.010000228881836
2013-09-30,,80.22000122070312,128.17999267578125,74.90106964111328,1681.550048828125,3218.199951171875,16.600000381469727
2013-10-31,,80.19999694824219,127.73999786376952,75.97248840332031,1756.5400390625,3377.72998046875,13.75
2013-11-30,,80.68000030517578,120.6999969482422,73.9187240600586,1805.81005859375,3487.820068359375,13.699999809265137
2013-12-31,,80.04000091552734,116.12000274658205,72.53671264648438,1848.3599853515625,3592.0,13.720000267028809
2014-01-31,,81.2699966430664,120.08999633789062,77.10858917236328,1782.5899658203125,3521.919921875,18.40999984741211
2014-02-28,,79.77999877929688,127.62000274658205,77.51262664794922,1859.449951171875,3696.10009765625,14.0
2014-03-31,,80.0999984741211,123.61000061035156,78.08021545410156,1872.3399658203125,3595.739990234375,13.880000114440918
2014-04-30,,79.48999786376953,124.22000122070312,79.71609497070312,1883.949951171875,3582.02001953125,13.40999984741211
2014-05-31,,80.37000274658203,120.43000030517578,82.0673599243164,1923.5699462890625,3736.820068359375,11.399999618530272
2014-06-30,,79.77999877929688,128.0399932861328,81.8611068725586,1960.22998046875,3849.47998046875,11.56999969482422
2014-07-31,,81.45999908447266,123.38999938964844,82.4048843383789,1930.6700439453125,3892.5,16.950000762939453
2014-08-31,,82.75,123.86000061035156,86.29741668701172,2003.3699951171875,4082.56005859375,12.09000015258789
2014-09-30,386.9440002441406,85.94000244140625,116.20999908447266,84.47457122802734,1972.2900390625,4049.449951171875,16.309999465942383
2014-10-31,338.3210144042969,86.87999725341797,112.66000366210938,86.85551452636719,2018.050048828125,4158.2099609375,14.029999732971191
2014-11-30,378.0469970703125,88.36000061035156,112.11000061035156,89.432861328125,2067.56005859375,4337.7900390625,13.329999923706056
2014-12-31,320.1929931640625,90.2699966430664,113.58000183105467,92.34065246582033,2058.89990234375,4236.27978515625,19.200000762939453
2015-01-31,217.46400451660156,94.8000030517578,123.4499969482422,101.40457916259766,1994.989990234375,4148.43017578125,20.969999313354492
2015-02-28,254.26300048828125,95.25,116.16000366210938,95.17999267578124,2104.5,4440.669921875,13.34000015258789
2015-03-31,244.2239990234375,98.36000061035156,113.66000366210938,96.2195816040039,2067.889892578125,4333.68994140625,15.289999961853027
2015-04-30,236.14500427246097,94.5999984741211,113.47000122070312,92.92385864257812,2085.510009765625,4414.25,14.550000190734863
2015-05-31,230.19000244140625,96.91000366210938,114.0999984741211,90.71929931640624,2107.389892578125,4508.25,13.84000015258789
2015-06-30,263.0719909667969,95.48999786376952,112.37000274658205,87.02522277832031,2063.110107421875,4396.759765625,18.229999542236328
2015-07-31,284.6499938964844,97.37000274658205,104.93000030517578,90.98136138916016,2103.840087890625,4588.91015625,12.119999885559082
2015-08-31,230.05599975585935,95.9499969482422,108.81999969482422,90.35409545898438,1972.1800537109375,4274.580078125,28.43000030517578
2015-09-30,236.05999755859375,96.3499984741211,106.86000061035156,92.13125610351562,1920.030029296875,4181.06005859375,24.5
2015-10-31,314.1659851074219,96.9499969482422,109.3000030517578,91.75457000732422,2079.360107421875,4648.830078125,15.06999969482422
2015-11-30,377.3210144042969,100.16999816894533,101.91999816894533,90.95845794677734,2080.409912109375,4664.509765625,16.1299991607666
2015-12-31,430.5669860839844,98.62999725341795,101.45999908447266,90.68809509277344,2043.93994140625,4593.27001953125,18.209999084472656
2016-01-31,368.7669982910156,99.61000061035156,106.9499969482422,95.74230194091795,1940.239990234375,4279.169921875,20.200000762939453
2016-02-29,437.6969909667969,98.20999908447266,118.63999938964844,98.69679260253906,1932.22998046875,4201.1201171875,20.549999237060547
2016-03-31,416.72900390625,94.58999633789062,117.63999938964844,98.60472106933594,2059.739990234375,4483.66015625,13.949999809265137
2016-04-30,448.3179931640625,93.08000183105467,123.6500015258789,97.87841796875,2065.300048828125,4341.2998046875,15.699999809265137
2016-05-31,531.385986328125,95.88999938964844,116.05999755859376,98.66682434082033,2096.949951171875,4523.89013671875,14.1899995803833
2016-06-30,673.3369750976562,96.13999938964844,126.47000122070312,105.50853729248048,2098.860107421875,4417.7001953125,15.630000114440918
2016-07-31,624.6810302734375,95.52999877929688,128.97999572753906,107.72684478759766,2173.60009765625,4730.22998046875,11.869999885559082
2016-08-31,575.4719848632812,96.0199966430664,124.77999877929688,106.63511657714844,2170.949951171875,4771.0498046875,13.420000076293944
2016-09-30,609.7349853515625,95.45999908447266,125.63999938964844,105.02661895751952,2168.27001953125,4875.7001953125,13.289999961853027
2016-10-31,700.9719848632812,98.4499969482422,121.94000244140624,100.42572021484376,2126.14990234375,4801.27001953125,17.059999465942383
2016-11-30,745.6909790039062,101.5,111.75,92.17705535888672,2198.81005859375,4810.81005859375,13.329999923706056
2016-12-31,963.7429809570312,102.38999938964844,109.61000061035156,91.75062561035156,2238.830078125,4863.6201171875,14.039999961853027
2017-01-31,970.4030151367188,99.51000213623048,115.5500030517578,92.4977035522461,2278.8701171875,5116.77001953125,11.989999771118164
2017-02-28,1179.969970703125,101.12000274658205,119.2300033569336,93.9634017944336,2363.639892578125,5330.31005859375,12.920000076293944
2017-03-31,1071.7900390625,100.3499984741211,118.72000122070312,93.3478775024414,2362.719970703125,5436.22998046875,12.369999885559082
2017-04-30,1347.8900146484375,99.0500030517578,120.7699966430664,94.81641387939452,2384.199951171875,5583.52978515625,10.81999969482422
2017-05-31,2286.409912109375,96.91999816894533,120.62000274658205,96.6064224243164,2411.800048828125,5788.7998046875,10.40999984741211
2017-06-30,2480.840087890625,95.66000366210938,118.0199966430664,97.3714370727539,2423.409912109375,5646.919921875,11.18000030517578
2017-07-31,2875.340087890625,92.86000061035156,120.75,96.73040008544922,2470.300048828125,5880.330078125,10.260000228881836
2017-08-31,4703.39013671875,92.66999816894533,125.81999969482422,100.02764892578124,2471.64990234375,5988.60009765625,10.59000015258789
2017-09-30,4338.7099609375,93.08000183105467,121.58000183105467,97.7041473388672,2519.360107421875,5979.2998046875,9.510000228881836
2017-10-31,6468.39990234375,94.5500030517578,120.66999816894533,97.66645050048828,2575.260009765625,6248.56005859375,10.18000030517578
2017-11-30,10233.599609375,93.01000213623048,121.0999984741211,98.39225769042967,2647.580078125,6365.56005859375,11.279999732971191
2017-12-31,14156.400390625,92.12000274658205,123.6500015258789,100.17572021484376,2673.610107421875,6396.419921875,11.039999961853027
2018-01-31,10221.099609375,89.12999725341797,127.6500015258789,96.91451263427734,2823.81005859375,6949.990234375,13.539999961853027
2018-02-28,10397.900390625,90.61000061035156,125.0,93.96688079833984,2713.830078125,6854.419921875,19.850000381469727
2018-03-31,6973.52978515625,90.1500015258789,125.79000091552734,96.65398406982422,2640.8701171875,6581.1298828125,19.969999313354492
2018-04-30,9240.5498046875,91.83999633789062,124.58999633789062,94.6357421875,2648.050048828125,6605.56982421875,15.93000030517578
2018-05-31,7494.169921875,93.98999786376952,123.0999984741211,96.5325927734375,2705.27001953125,6967.72998046875,15.43000030517578
2018-06-30,6404.0,94.62999725341795,118.6500015258789,97.15601348876952,2718.3701171875,7040.7998046875,16.09000015258789
2018-07-31,7780.43994140625,94.48999786376952,115.98999786376952,95.75997924804688,2816.2900390625,7231.97998046875,12.829999923706056
2018-08-31,7037.580078125,95.13999938964844,113.51000213623048,97.01644134521484,2901.52001953125,7654.5498046875,12.859999656677246
2018-09-30,6625.56005859375,95.19000244140624,112.76000213623048,94.23758697509766,2913.97998046875,7627.64990234375,12.119999885559082
2018-10-31,6317.60986328125,97.12999725341795,115.1500015258789,91.47588348388672,2711.739990234375,6967.10009765625,21.229999542236328
2018-11-30,4017.2685546875,97.2699966430664,115.54000091552734,93.11077880859376,2760.169921875,6949.009765625,18.06999969482422
2018-12-31,3742.700439453125,96.16999816894533,121.25,98.56105041503906,2506.85009765625,6329.97021484375,25.420000076293945
2019-01-31,3457.792724609375,95.58000183105467,124.75,98.93414306640624,2704.10009765625,6906.83984375,16.56999969482422
2019-02-28,3854.785400390625,96.16000366210938,123.98999786376952,97.57242584228516,2784.489990234375,7097.52978515625,14.779999732971191
2019-03-31,4105.404296875,97.27999877929688,122.01000213623048,103.0087890625,2834.39990234375,7378.77001953125,13.710000038146973
2019-04-30,5350.7265625,97.4800033569336,121.1999969482422,100.95782470703124,2945.830078125,7781.4599609375,13.119999885559082
2019-05-31,8574.501953125,97.75,123.33000183105467,107.86255645751952,2752.06005859375,7127.9599609375,18.709999084472656
2019-06-30,10817.1552734375,96.12999725341795,133.1999969482422,108.8874053955078,2941.760009765625,7671.080078125,15.079999923706056
2019-07-31,10085.6279296875,98.5199966430664,133.2100067138672,109.166748046875,2980.3798828125,7848.77978515625,16.1200008392334
2019-08-31,9630.6640625,98.91999816894533,143.75,121.22869110107422,2926.4599609375,7691.0,18.979999542236328
2019-09-30,8293.8681640625,99.37999725341795,138.8699951171875,117.97982788085938,2976.739990234375,7749.4501953125,16.239999771118164
2019-10-31,9199.5849609375,97.3499984741211,142.42999267578125,116.6664810180664,3037.56005859375,8083.830078125,13.220000267028809
2019-11-30,7569.6298828125,98.2699966430664,137.86000061035156,116.19156646728516,3140.97998046875,8403.6796875,12.619999885559082
2019-12-31,7193.59912109375,96.38999938964844,142.89999389648438,112.47628784179688,3230.780029296875,8733.0703125,13.779999732971191
2020-01-31,9350.529296875,97.38999938964844,149.3300018310547,121.12702941894533,3225.52001953125,8991.509765625,18.84000015258789
2020-02-29,8599.5087890625,98.12999725341795,148.3800048828125,129.1535186767578,2954.219970703125,8461.830078125,40.11000061035156
2020-03-31,6438.64453125,99.0500030517578,148.0500030517578,137.38914489746094,2584.590087890625,7813.5,53.540000915527344
2020-04-30,8658.5537109375,99.0199966430664,158.8000030517578,139.06393432617188,2912.429931640625,9000.509765625,34.150001525878906
2020-05-31,9461.05859375,98.33999633789062,162.91000366210938,136.6137237548828,3044.31005859375,9555.5302734375,27.510000228881836
2020-06-30,9137.9931640625,97.38999938964844,167.3699951171875,137.07362365722656,3100.2900390625,10156.849609375,30.43000030517578
2020-07-31,11323.466796875,93.48999786376952,185.42999267578125,143.1529998779297,3271.1201171875,10905.8798828125,24.459999084472656
2020-08-31,11680.8203125,92.13999938964844,184.8300018310547,135.92869567871094,3500.31005859375,12110.7001953125,26.40999984741211
2020-09-30,10784.4912109375,93.88999938964844,177.1199951171875,136.98001098632812,3363.0,11418.0595703125,26.3700008392334
2020-10-31,13780.9951171875,94.04000091552734,176.1999969482422,132.34291076660156,3269.9599609375,11052.9501953125,38.02000045776367
2020-11-30,19625.8359375,91.87000274658205,166.6699981689453,134.54495239257812,3621.6298828125,12268.3203125,20.56999969482422
2020-12-31,29001.720703125,89.94000244140625,178.36000061035156,132.8932647705078,3756.070068359375,12888.2802734375,22.75
2021-01-31,33114.359375,90.58000183105467,172.61000061035156,128.06556701660156,3714.239990234375,12925.3798828125,33.09000015258789
2021-02-28,45137.76953125,90.93000030517578,161.80999755859375,120.7235336303711,3811.14990234375,12909.4404296875,27.950000762939453
2021-03-31,58918.83203125,93.2300033569336,159.9600067138672,114.39129638671876,3972.889892578125,13091.4404296875,19.399999618530273
2021-04-30,57750.17578125,91.27999877929688,165.66000366210938,117.2455062866211,4181.169921875,13860.759765625,18.61000061035156
2021-05-31,37332.85546875,90.02999877929688,178.3800048828125,117.24803161621094,4204.10986328125,13686.509765625,16.760000228881836
2021-06-30,35040.8359375,92.44000244140624,165.6300048828125,122.42935180664062,4297.5,14554.7998046875,15.829999923706056
2021-07-31,41626.1953125,92.16999816894533,169.82000732421875,126.9796142578125,4395.259765625,14959.900390625,18.239999771118164
2021-08-31,47166.6875,92.62999725341795,169.69000244140625,126.54769134521484,4522.68017578125,15582.509765625,16.479999542236328
2021-09-30,43790.89453125,94.25,164.22000122070312,122.8689193725586,4307.5400390625,14689.6201171875,23.13999938964844
2021-10-31,61318.95703125,94.12000274658205,166.64999389648438,125.8976821899414,4605.3798828125,15850.4697265625,16.260000228881836
2021-11-30,57005.42578125,95.98999786376952,165.5,129.38694763183594,4567.0,16135.919921875,27.190000534057617
2021-12-31,46306.4453125,95.66999816894533,170.9600067138672,126.78132629394533,4766.18017578125,16320.080078125,17.219999313354492
2022-01-31,38483.125,96.54000091552734,168.08999633789062,121.81924438476562,4515.5498046875,14930.0498046875,24.829999923706055
2022-02-28,43193.234375,96.70999908447266,178.3800048828125,119.82997131347656,4373.93994140625,14237.8095703125,30.149999618530273
2022-03-31,45538.67578125,98.30999755859376,180.6499938964844,113.305908203125,4530.41015625,14838.490234375,20.559999465942383
2022-04-30,37714.875,102.95999908447266,176.91000366210938,102.62812042236328,4131.93017578125,12854.7998046875,33.400001525878906
2022-05-31,31792.310546875,101.75,171.13999938964844,100.31558990478516,4132.14990234375,12642.099609375,26.190000534057617
2022-06-30,19784.7265625,104.69000244140624,168.4600067138672,99.03701782226562,3785.3798828125,11503.7197265625,28.709999084472656
2022-07-31,23336.896484375,105.9000015258789,164.10000610351562,101.44461822509766,4130.2900390625,12947.9697265625,21.329999923706055
2022-08-31,20049.763671875,108.6999969482422,159.27000427246094,96.82571411132812,3955.0,12272.0302734375,25.8700008392334
2022-09-30,19431.7890625,112.12000274658205,154.6699981689453,88.85205078125,3585.6201171875,10971.2197265625,31.6200008392334
2022-10-31,20495.7734375,111.52999877929688,151.91000366210938,83.55252075195312,3871.97998046875,11405.5703125,25.8799991607666
2022-11-30,17168.56640625,105.9499969482422,164.80999755859375,89.52743530273438,4080.110107421875,12030.0595703125,20.579999923706055
2022-12-31,16547.49609375,103.5199966430664,169.63999938964844,87.18177795410156,3839.5,10939.759765625,21.670000076293945
2023-01-31,23139.283203125,102.0999984741211,179.41000366210938,93.84561920166016,4076.60009765625,12101.9296875,19.399999618530273
2023-02-28,23147.353515625,104.87000274658205,169.77999877929688,89.29358673095703,3970.14990234375,12042.1201171875,20.700000762939453
2023-03-31,28478.484375,102.51000213623048,183.22000122070312,93.61482238769533,4109.31005859375,13181.349609375,18.700000762939453
2023-04-30,29268.806640625,101.66999816894533,184.8000030517578,93.93157958984376,4169.47998046875,13245.990234375,15.779999732971191
2023-05-31,27219.658203125,104.31999969482422,182.32000732421875,91.09927368164062,4179.830078125,14254.08984375,17.940000534057617
2023-06-30,30477.251953125,102.91000366210938,178.27000427246094,91.2970199584961,4450.3798828125,15179.2099609375,13.59000015258789
2023-07-31,29230.111328125,101.86000061035156,182.3500061035156,88.97417449951172,4588.9599609375,15757.0,13.630000114440918
2023-08-31,25931.47265625,103.62000274658205,180.02000427246094,86.17855072021484,4507.66015625,15501.0703125,13.56999969482422
2023-09-30,26967.916015625,106.16999816894533,171.4499969482422,79.3263931274414,4288.0498046875,14715.240234375,17.520000457763672
2023-10-31,34667.78125,106.66000366210938,184.08999633789065,74.99263763427734,4193.7998046875,14409.7802734375,18.13999938964844
2023-11-30,37712.74609375,103.5,188.75,82.434814453125,4567.7998046875,15947.8701171875,12.920000076293944
2023-12-31,42265.1875,101.33000183105467,191.1699981689453,89.59491729736328,4769.830078125,16825.9296875,12.449999809265137
2024-01-31,42582.60546875,103.2699966430664,188.4499969482422,87.58338165283203,4845.64990234375,17137.240234375,14.350000381469728
2024-02-29,61198.3828125,104.16000366210938,189.30999755859375,85.61083221435547,5096.27001953125,18043.849609375,13.399999618530272
2024-03-31,71333.6484375,104.5500030517578,205.72000122070312,86.28104400634766,5254.35009765625,18254.689453125,13.010000228881836
2024-04-30,60636.85546875,106.22000122070312,211.8699951171875,80.71122741699219,5035.68994140625,17440.689453125,15.649999618530272
2024-05-31,67491.4140625,104.66999816894533,215.3000030517578,83.04131317138672,5277.509765625,18536.650390625,12.920000076293944
2024-06-30,62678.29296875,105.87000274658205,215.0099945068359,84.55030822753906,5460.47998046875,19682.869140625,12.4399995803833
2024-07-31,64619.25,104.0999984741211,226.5500030517578,87.6194076538086,5522.2998046875,19362.4296875,16.360000610351562
2024-08-31,58969.8984375,101.6999969482422,231.2899932861328,89.4692611694336,5648.39990234375,19574.640625,15.0
2024-09-30,63329.5,100.77999877929688,243.05999755859375,91.2581558227539,5762.47998046875,20060.689453125,16.729999542236328
2024-10-31,70215.1875,103.9800033569336,253.5099945068359,86.28013610839844,5705.4501953125,19890.419921875,23.15999984741211
2024-11-30,96449.0546875,105.73999786376952,245.58999633789065,87.99470520019531,6032.3798828125,20930.369140625,13.510000228881836
2024-12-31,93429.203125,108.48999786376952,242.1300048828125,82.37975311279297,5881.6298828125,21012.169921875,17.350000381469727
2025-01-31,102405.0234375,108.37000274658205,258.55999755859375,82.7853775024414,6040.52978515625,21478.05078125,16.43000030517578
2025-02-28,84373.0078125,107.61000061035156,263.2699890136719,87.50174713134766,5954.5,20884.41015625,19.6299991607666
2025-03-31,82548.9140625,104.20999908447266,288.1400146484375,86.44761657714844,5611.85009765625,19278.44921875,22.280000686645508
2025-04-30,94207.3125,99.47000122070312,303.7699890136719,85.27151489257812,5569.06005859375,19571.01953125,24.700000762939453
2025-05-31,104638.09375,99.33000183105467,303.6000061035156,82.53379821777344,5911.68994140625,21340.990234375,18.56999969482422
2025-06-30,107135.3359375,96.87999725341795,304.8299865722656,84.7325210571289,6204.9501953125,22679.009765625,16.729999542236328
2025-07-31,115758.203125,100.02999877929688,302.9599914550781,83.76686096191406,6339.39013671875,23218.119140625,16.719999313354492
2025-08-31,108236.7109375,97.7699966430664,318.07000732421875,83.77751159667969,6460.259765625,23415.419921875,15.359999656677246
2025-09-30,114056.0859375,97.7699966430664,355.4700012207031,86.78592681884766,6688.4599609375,24679.990234375,16.280000686645508
2025-10-31,109556.1640625,99.8000030517578,368.1199951171875,87.98452758789062,6840.2001953125,25858.130859375,17.440000534057617
2025-11-30,90394.3125,99.45999908447266,387.8800048828125,88.22413635253906,6849.08984375,25434.890625,16.350000381469727
2025-12-31,87508.828125,98.27999877929688,396.30999755859375,85.87860107421875,6845.5,25249.849609375,14.949999809265137
2026-01-31,78621.1171875,96.98999786376952,444.9500122070313,85.84903717041016,6939.02978515625,25552.390625,17.440000534057617
2026-02-28,66995.859375,97.61000061035156,483.75,89.82706451416016,6878.8798828125,24960.0390625,19.86000061035156
2026-03-31,68233.3125,99.95999908447266,430.2900085449219,86.02733612060547,6528.52001953125,23740.189453125,25.25
2026-04-30,76304.3203125,98.08000183105467,423.6600036621094,85.30500030517578,7209.009765625,27452.119140625,16.889999389648438
2026-05-31,79822.7265625,98.48799896240234,430.5,84.80000305175781,7444.25,29366.939453125,17.790000915527344
