,pce_yoy
1994-01-31,1.977243051669464
1994-02-28,2.059631532384487
1994-03-31,2.1313176685614943
1994-04-30,1.980442741723687
1994-05-31,1.8141776908505711
1994-06-30,2.0275575398352785
1994-07-31,2.185708357029758
1994-08-31,2.2464324075494924
1994-09-30,2.2532879610043244
1994-10-31,2.1056491908989505
1994-11-30,2.106242469534969
1994-12-31,2.148455368851221
1995-01-31,2.3215047862935156
1995-02-28,2.265952916844083
1995-03-31,2.173286622078652
1995-04-30,2.320684692872832
1995-05-31,2.3294156796902055
1995-06-30,2.1804080154514516
1995-07-31,1.9870338893819504
1995-08-31,1.9719662634690935
1995-09-30,1.929303831624396
1995-10-31,2.0203229523652944
1995-11-30,1.8238035490231177
1995-12-31,1.9539938200653808
1996-01-31,1.973870424717328
1996-02-29,1.95401956993726
1996-03-31,2.0736232744544836
1996-04-30,2.1111226257272797
1996-05-31,2.1300498144890767
1996-06-30,2.0290325915205853
1996-07-31,2.11645674168901
1996-08-31,1.9941720138929808
1996-09-30,2.211927347599074
1996-10-31,2.2560912998195626
1996-11-30,2.44099223987444
1996-12-31,2.3631039531478937
1997-01-31,2.2687430608309356
1997-02-28,2.320595099183187
1997-03-31,2.120203004348009
1997-04-30,1.9152421962217003
1997-05-31,1.6933943148266015
1997-06-30,1.8251291774616265
1997-07-31,1.6710718257579191
1997-08-31,1.6550510078928935
1997-09-30,1.6129728485302142
1997-10-31,1.4388386004676512
1997-11-30,1.2644451763492937
1997-12-31,1.1256686786623504
1998-01-31,1.0442111277765953
1998-02-28,0.7811720431640357
1998-03-31,0.6906372374510417
1998-04-30,0.7169886476797505
1998-05-31,0.9009137229227582
1998-06-30,0.6865476461223485
1998-07-31,0.8750745802199145
1998-08-31,0.9339957416607536
1998-09-30,0.6329651656754365
1998-10-31,0.7226496209978395
1998-11-30,0.7211946377057687
1998-12-31,0.8444010692918225
1999-01-31,0.9358742365980444
1999-02-28,0.932120680631976
1999-03-31,0.9927874416631566
1999-04-30,1.3545580383626632
1999-05-31,1.2821778686790353
1999-06-30,1.3990259052728105
1999-07-31,1.4181101253344377
1999-08-31,1.4625639871744367
1999-09-30,1.885544626901381
1999-10-31,1.8336773233365689
1999-11-30,1.920646954763705
1999-12-31,2.0547560941400977
2000-01-31,2.1891369506148672
2000-02-29,2.5687379130580945
2000-03-31,2.930879964151667
2000-04-30,2.3509901473026895
2000-05-31,2.368948805080495
2000-06-30,2.684264750925869
2000-07-31,2.668814307732892
2000-08-31,2.475467095414974
2000-09-30,2.5480961785462775
2000-10-31,2.5148561265149194
2000-11-30,2.5663277956855968
2000-12-31,2.4847793521432404
2001-01-31,2.701443236797751
2001-02-28,2.537197196376595
2001-03-31,2.1087000884293827
2001-04-30,2.373236751810892
2001-05-31,2.5576491395143286
2001-06-30,2.3917346855763633
2001-07-31,2.1017325092305805
2001-08-31,2.0964644142072553
2001-09-30,1.3130959435436296
2001-10-31,1.531881699460702
2001-11-30,1.321568153430852
2001-12-31,1.0620750693969505
2002-01-31,0.6659371163187933
2002-02-28,0.679565078349853
2002-03-31,0.9433082406235416
2002-04-30,1.1877053213986466
2002-05-31,0.9882602639782244
2002-06-30,0.9362006409068035
2002-07-31,1.1921635118487872
2002-08-31,1.402946319749887
2002-09-30,1.9328166748640685
2002-10-31,1.7604514385630263
2002-11-30,1.9299850214074656
2002-12-31,2.13367302257077
2003-01-31,2.3465153584070197
2003-02-28,2.6046216151830226
2003-03-31,2.589654580732015
2003-04-30,1.9886961093585676
2003-05-31,1.8048075660055396
2003-06-30,1.788127254837657
2003-07-31,1.8627361145654664
2003-08-31,2.0067151797029004
2003-09-30,2.141338793182146
2003-10-31,1.9682118170812668
2003-11-30,1.996176703902619
2003-12-31,2.122877447350291
2004-01-31,2.212406575044379
2004-02-29,2.000619147124838
2004-03-31,1.8964297201672584
2004-04-30,2.259224414573469
2004-05-31,2.709537572254317
2004-06-30,2.890910965613247
2004-07-31,2.684537884239746
2004-08-31,2.391167919671111
2004-09-30,2.2739169847937557
2004-10-31,2.700011489410592
2004-11-30,2.9656262749897966
2004-12-31,2.7937154125055708
2005-01-31,2.53203056685547
2005-02-28,2.598732880610055
2005-03-31,2.747509438250484
2005-04-30,2.844503818718014
2005-05-31,2.5689663835988252
2005-06-30,2.3411957760769653
2005-07-31,2.679431825292533
2005-08-31,3.0408025417156592
2005-09-30,3.8300209727354377
2005-10-31,3.551362370723954
2005-11-30,2.938408578716656
2005-12-31,2.8836276778752667
2006-01-31,3.246937842213904
2006-02-28,3.0222353695212645
2006-03-31,2.9136712749615823
2006-04-30,3.102827101944805
2006-05-31,3.321534862643749
2006-06-30,3.511627906976744
2006-07-31,3.4273456353752785
2006-08-31,3.335882588586636
2006-09-30,2.0800269321406217
2006-10-31,1.67697016985775
2006-11-30,1.9246731063020883
2006-12-31,2.2867522344251823
2007-01-31,2.133263102449301
2007-02-28,2.389213246554367
2007-03-31,2.564898622023759
2007-04-30,2.3307779164438047
2007-05-31,2.352983013477794
2007-06-30,2.3176341212501006
2007-07-31,2.1247260128685497
2007-08-31,1.873715124816444
2007-09-30,2.534687050952855
2007-10-31,3.08847488843238
2007-11-30,3.5996270550330056
2007-12-31,3.471634208298058
2008-01-31,3.387406817009708
2008-02-29,3.2729227281756534
2008-03-31,3.1911425710759778
2008-04-30,3.13951867682587
2008-05-31,3.282143932550441
2008-06-30,3.8114389395462744
2008-07-31,4.135655023597695
2008-08-31,3.9806273062730657
2008-09-30,3.6678383532060543
2008-10-31,2.6718431480336147
2008-11-30,0.9250293343662008
2008-12-31,0.1295690125477477
2009-01-31,-0.1111035530462767
2009-02-28,-0.1312484442533512
2009-03-31,-0.5257516782309568
2009-04-30,-0.5675739591662121
2009-05-31,-0.8892128279883504
2009-06-30,-1.018624689681269
2009-07-31,-1.4660091971854472
2009-08-31,-1.1001197711041022
2009-09-30,-1.0227486786264397
2009-10-31,0.0133852383130239
2009-11-30,1.4606120122357291
2009-12-31,2.089718268292118
2010-01-31,2.301720615608116
2010-02-28,2.116330183762716
2010-03-31,2.372716033980194
2010-04-30,2.282122430488709
2010-05-31,2.20846957131704
2010-06-30,1.5622188231059877
2010-07-31,1.6373900721981194
2010-08-31,1.4823951558645243
2010-09-30,1.419551296404098
2010-10-31,1.3584198610352205
2010-11-30,1.3071968137772894
2010-12-31,1.477668197333748
2011-01-31,1.5598650927487467
2011-02-28,1.8450307320212025
2011-03-31,2.1105460830258993
2011-04-30,2.488096556306063
2011-05-31,2.7662471357885243
2011-06-30,2.7884519551278464
2011-07-31,2.875699838456258
2011-08-31,2.9767297960266115
2011-09-30,3.0190303779583205
2011-10-31,2.693632332390705
2011-11-30,2.6992598449408156
2011-12-31,2.5266248849541872
2012-01-31,2.569312446745764
2012-02-29,2.5131540246413397
2012-03-31,2.2980274721697835
2012-04-30,1.9998487418563693
2012-05-31,1.5769404769598871
2012-06-30,1.5460196726963191
2012-07-31,1.4100261354958563
2012-08-31,1.51186746212284
2012-09-30,1.6779710051753494
2012-10-31,1.9768774978838444
2012-11-30,1.6991017964071764
2012-12-31,1.6243828413875503
2013-01-31,1.470807506336924
2013-02-28,1.6046076681118793
2013-03-31,1.276992915022701
2013-04-30,1.0412253198881505
2013-05-31,1.2290301372187118
2013-06-30,1.5055063976064709
2013-07-31,1.5951128457492023
2013-08-31,1.4047883304264983
2013-09-30,1.1412854478201728
2013-10-31,0.9761069199571092
2013-11-30,1.1954704602088029
2013-12-31,1.3881001955959429
2014-01-31,1.4054054054054133
2014-02-28,1.0939820528374389
2014-03-31,1.38970341823057
2014-04-30,1.6731138157687786
2014-05-31,1.7661662878033946
2014-06-30,1.6514586142380772
2014-07-31,1.6692416903290486
2014-08-31,1.5062438759980925
2014-09-30,1.497249312328086
2014-10-31,1.3329448612426242
2014-11-30,1.0857594081832067
2014-12-31,0.7322588005891362
2015-01-31,0.0414018672242111
2015-02-28,0.1707014276846719
2015-03-31,0.1993492743892932
2015-04-30,0.110324064049827
2015-05-31,0.1852862157349033
2015-06-30,0.2704286757220897
2015-07-31,0.2197328295222345
2015-08-31,0.2392713007937974
2015-09-30,0.0656996499440509
2015-10-31,0.0954982337961096
2015-11-30,0.2538775426298434
2015-12-31,0.3459637561779249
2016-01-31,0.8711486332691809
2016-02-29,0.640330493157748
2016-03-31,0.6855104733630268
2016-04-30,0.9259068531526138
2016-05-31,0.8486853596638255
2016-06-30,0.8296074490339977
2016-07-31,0.7550842682239489
2016-08-31,0.8882104659263312
2016-09-30,1.2197749212634612
2016-10-31,1.427003293084517
2016-11-30,1.3974040886628902
2016-12-31,1.6571581021178838
2017-01-31,2.0052104701731244
2017-02-28,2.1971368464261953
2017-03-31,1.9063610209576696
2017-04-30,1.76747318686028
2017-05-31,1.557772049759043
2017-06-30,1.4655479277905004
2017-07-31,1.4856317748266346
2017-08-31,1.5719087318108338
2017-09-30,1.757444307056133
2017-10-31,1.6820407007323013
2017-11-30,1.7937129048240186
2017-12-31,1.7664099484208329
2018-01-31,1.7576494957315614
2018-02-28,1.8376076958608545
2018-03-31,1.998292058070028
2018-04-30,2.0466282276259795
2018-05-31,2.2662065367869744
2018-06-30,2.268307840346395
2018-07-31,2.3386070559001215
2018-08-31,2.180411288951989
2018-09-30,2.009960159362545
2018-10-31,2.053098049357893
2018-11-30,1.9418922274646144
2018-12-31,1.8646908878110713
2019-01-31,1.4318323303589953
2019-02-28,1.4001735426362627
2019-03-31,1.5218076513927814
2019-04-30,1.5663384627478738
2019-05-31,1.4655536045359518
2019-06-30,1.4260651383430245
2019-07-31,1.4539295260287632
2019-08-31,1.4304164057608038
2019-09-30,1.2839539924622612
2019-10-31,1.2885618207514993
2019-11-30,1.3582773068303575
2019-12-31,1.5637627676458932
2020-01-31,1.7944821136310465
2020-02-29,1.689097203314005
2020-03-31,1.1662090444265472
2020-04-30,0.4624613003096023
2020-05-31,0.4901629042393773
2020-06-30,0.7595377063120967
2020-07-31,0.9225840072571544
2020-08-31,1.157519050834388
2020-09-30,1.27635371578958
2020-10-31,1.187486166844698
2020-11-30,1.186264708144269
2020-12-31,1.334522131784066
2021-01-31,1.5857976839888988
2021-02-28,1.8427318715156016
2021-03-31,2.669006722866385
2021-04-30,3.640285829850342
2021-05-31,4.07246348925363
2021-06-30,4.306128320705871
2021-07-31,4.473216164011551
2021-08-31,4.580909697720981
2021-09-30,4.737428253233955
2021-10-31,5.336135652537788
2021-11-30,5.93019057933839
2021-12-31,6.141969176624196
2022-01-31,6.272433512016362
2022-02-28,6.545539906103293
2022-03-31,6.926410970164576
2022-04-30,6.684755338326309
2022-05-31,6.794545874740021
2022-06-30,7.243471864656126
2022-07-31,6.7502013619389345
2022-08-31,6.6396775899483895
2022-09-30,6.667939000672507
2022-10-31,6.461602354598139
2022-11-30,6.030493273542614
2022-12-31,5.520050627946982
2023-01-31,5.507734586232882
2023-02-28,5.197803844154003
2023-03-31,4.428273156924578
2023-04-30,4.476012960317743
2023-05-31,4.003462454014284
2023-06-30,3.284521339529123
2023-07-31,3.40904219289897
2023-08-31,3.43205991996991
2023-09-30,3.4488928270185903
2023-10-31,3.0232617305099296
2023-11-30,2.7650899986466193
2023-12-31,2.767265846736034
2024-01-31,2.6987514493606035
2024-02-29,2.705057426970159
2024-03-31,2.9279392327126175
2024-04-30,2.826154012888593
2024-05-31,2.6616729088639213
2024-06-30,2.548373440470164
2024-07-31,2.594376777467322
2024-08-31,2.412994957427461
2024-09-30,2.260766436883843
2024-10-31,2.4776925356425616
2024-11-30,2.5878034125423
2024-12-31,2.7280946901200087
2025-01-31,2.607379530393517
2025-02-28,2.7104846734857135
2025-03-31,2.3594336708984365
2025-04-30,2.2774259978433964
2025-05-31,2.4580860654408676
2025-06-30,2.5935129797068024
2025-07-31,2.605547294239341
2025-08-31,2.7476208541517
2025-09-30,2.7874424148706556
2025-10-31,2.7125805259691216
2025-11-30,2.8201898312699925
2025-12-31,2.878083518031027
2026-01-31,2.856869483403357
2026-02-28,2.829551861881652
2026-03-31,3.496081498479442
